assetId,employeeId,assetType,format,title,sourceSystem,lastModified
AST-EMP001-01,EMP001,presentation,pptx,Project update deck - EMP001,OneDrive,2025-01-03
AST-EMP001-02,EMP001,pdf,pdf,Process compliance document - EMP001,OneDrive,2025-01-04
AST-EMP001-03,EMP001,word,docx,Design specification - EMP001,OneDrive,2025-01-05
AST-EMP001-04,EMP001,text,txt,Shift handoff notes - EMP001,OneDrive,2025-01-06
AST-EMP001-05,EMP001,onenote,one,Lab observations notebook - EMP001,OneDrive,2025-01-07
AST-EMP001-06,EMP001,spreadsheet,xlsx,Equipment inventory tracker - EMP001,OneDrive,2025-01-14
AST-EMP001-07,EMP001,spreadsheet-csv,csv,Department metrics export - EMP001,OneDrive,2025-02-01
AST-EMP001-08,EMP001,knowledge-note,md,Knowledge summary notes - EMP001,OneDrive,2025-03-01
AST-EMP002-01,EMP002,presentation,pptx,Project update deck - EMP002,OneDrive,2025-01-04
AST-EMP002-02,EMP002,pdf,pdf,Process compliance document - EMP002,OneDrive,2025-01-05
AST-EMP002-03,EMP002,word,docx,Design specification - EMP002,OneDrive,2025-01-06
AST-EMP002-04,EMP002,text,txt,Shift handoff notes - EMP002,OneDrive,2025-01-07
AST-EMP002-05,EMP002,onenote,one,Lab observations notebook - EMP002,OneDrive,2025-01-08
AST-EMP002-06,EMP002,spreadsheet,xlsx,Skills matrix - EMP002,OneDrive,2025-01-15
AST-EMP002-07,EMP002,spreadsheet-csv,csv,Department metrics export - EMP002,OneDrive,2025-02-02
AST-EMP002-08,EMP002,knowledge-note,md,Knowledge summary notes - EMP002,OneDrive,2025-03-02
AST-EMP003-01,EMP003,presentation,pptx,Project update deck - EMP003,OneDrive,2025-01-05
AST-EMP003-02,EMP003,pdf,pdf,Process compliance document - EMP003,OneDrive,2025-01-06
AST-EMP003-03,EMP003,word,docx,Design specification - EMP003,OneDrive,2025-01-07
AST-EMP003-04,EMP003,text,txt,Shift handoff notes - EMP003,OneDrive,2025-01-08
AST-EMP003-05,EMP003,onenote,one,Lab observations notebook - EMP003,OneDrive,2025-01-09
AST-EMP003-06,EMP003,spreadsheet,xlsx,System resource utilization - EMP003,OneDrive,2025-01-16
AST-EMP003-07,EMP003,spreadsheet-csv,csv,Department metrics export - EMP003,OneDrive,2025-02-03
AST-EMP003-08,EMP003,knowledge-note,md,Knowledge summary notes - EMP003,OneDrive,2025-03-03
AST-EMP004-01,EMP004,presentation,pptx,Project update deck - EMP004,OneDrive,2025-01-06
AST-EMP004-02,EMP004,pdf,pdf,Process compliance document - EMP004,OneDrive,2025-01-07
AST-EMP004-03,EMP004,word,docx,Design specification - EMP004,OneDrive,2025-01-08
AST-EMP004-04,EMP004,text,txt,Shift handoff notes - EMP004,OneDrive,2025-01-09
AST-EMP004-05,EMP004,onenote,one,Lab observations notebook - EMP004,OneDrive,2025-01-10
AST-EMP004-06,EMP004,spreadsheet,xlsx,Budget tracker - EMP004,OneDrive,2025-01-17
AST-EMP004-07,EMP004,spreadsheet-csv,csv,Department metrics export - EMP004,OneDrive,2025-02-04
AST-EMP004-08,EMP004,knowledge-note,md,Knowledge summary notes - EMP004,OneDrive,2025-03-04
AST-EMP005-01,EMP005,presentation,pptx,Project update deck - EMP005,OneDrive,2025-01-07
AST-EMP005-02,EMP005,pdf,pdf,Process compliance document - EMP005,OneDrive,2025-01-08
AST-EMP005-03,EMP005,word,docx,Design specification - EMP005,OneDrive,2025-01-09
AST-EMP005-04,EMP005,text,txt,Shift handoff notes - EMP005,OneDrive,2025-01-10
AST-EMP005-05,EMP005,onenote,one,Lab observations notebook - EMP005,OneDrive,2025-01-11
AST-EMP005-06,EMP005,spreadsheet,xlsx,Vendor comparison - EMP005,OneDrive,2025-01-18
AST-EMP005-07,EMP005,spreadsheet-csv,csv,Department metrics export - EMP005,OneDrive,2025-02-05
AST-EMP005-08,EMP005,knowledge-note,md,Knowledge summary notes - EMP005,OneDrive,2025-03-05
AST-EMP006-01,EMP006,presentation,pptx,Project update deck - EMP006,OneDrive,2025-01-08
AST-EMP006-02,EMP006,pdf,pdf,Process compliance document - EMP006,OneDrive,2025-01-09
AST-EMP006-03,EMP006,word,docx,Design specification - EMP006,OneDrive,2025-01-10
AST-EMP006-04,EMP006,text,txt,Shift handoff notes - EMP006,OneDrive,2025-01-11
AST-EMP006-05,EMP006,onenote,one,Lab observations notebook - EMP006,OneDrive,2025-01-12
AST-EMP006-06,EMP006,spreadsheet,xlsx,Shift productivity report - EMP006,OneDrive,2025-01-19
AST-EMP006-07,EMP006,spreadsheet-csv,csv,Department metrics export - EMP006,OneDrive,2025-02-06
AST-EMP006-08,EMP006,knowledge-note,md,Knowledge summary notes - EMP006,OneDrive,2025-03-06
AST-EMP007-01,EMP007,presentation,pptx,Project update deck - EMP007,OneDrive,2025-01-09
AST-EMP007-02,EMP007,pdf,pdf,Process compliance document - EMP007,OneDrive,2025-01-10
AST-EMP007-03,EMP007,word,docx,Design specification - EMP007,OneDrive,2025-01-11
AST-EMP007-04,EMP007,text,txt,Shift handoff notes - EMP007,OneDrive,2025-01-12
AST-EMP007-05,EMP007,onenote,one,Lab observations notebook - EMP007,OneDrive,2025-01-13
AST-EMP007-06,EMP007,spreadsheet,xlsx,Experiment data log - EMP007,OneDrive,2025-01-20
AST-EMP007-07,EMP007,spreadsheet-csv,csv,Department metrics export - EMP007,OneDrive,2025-02-07
AST-EMP007-08,EMP007,knowledge-note,md,Knowledge summary notes - EMP007,OneDrive,2025-03-07
AST-EMP008-01,EMP008,presentation,pptx,Project update deck - EMP008,OneDrive,2025-01-10
AST-EMP008-02,EMP008,pdf,pdf,Process compliance document - EMP008,OneDrive,2025-01-11
AST-EMP008-03,EMP008,word,docx,Design specification - EMP008,OneDrive,2025-01-12
AST-EMP008-04,EMP008,text,txt,Shift handoff notes - EMP008,OneDrive,2025-01-13
AST-EMP008-05,EMP008,onenote,one,Lab observations notebook - EMP008,OneDrive,2025-01-14
AST-EMP008-06,EMP008,spreadsheet,xlsx,Project resource tracker - EMP008,OneDrive,2025-01-21
AST-EMP008-07,EMP008,spreadsheet-csv,csv,Department metrics export - EMP008,OneDrive,2025-02-08
AST-EMP008-08,EMP008,knowledge-note,md,Knowledge summary notes - EMP008,OneDrive,2025-03-08
AST-EMP009-01,EMP009,presentation,pptx,Project update deck - EMP009,OneDrive,2025-01-11
AST-EMP009-02,EMP009,pdf,pdf,Process compliance document - EMP009,OneDrive,2025-01-12
AST-EMP009-03,EMP009,word,docx,Design specification - EMP009,OneDrive,2025-01-13
AST-EMP009-04,EMP009,text,txt,Shift handoff notes - EMP009,OneDrive,2025-01-14
AST-EMP009-05,EMP009,onenote,one,Lab observations notebook - EMP009,OneDrive,2025-01-15
AST-EMP009-06,EMP009,spreadsheet,xlsx,Equipment inventory tracker - EMP009,OneDrive,2025-01-22
AST-EMP009-07,EMP009,spreadsheet-csv,csv,Department metrics export - EMP009,OneDrive,2025-02-09
AST-EMP009-08,EMP009,knowledge-note,md,Knowledge summary notes - EMP009,OneDrive,2025-03-09
AST-EMP010-01,EMP010,presentation,pptx,Project update deck - EMP010,OneDrive,2025-01-12
AST-EMP010-02,EMP010,pdf,pdf,Process compliance document - EMP010,OneDrive,2025-01-13
AST-EMP010-03,EMP010,word,docx,Design specification - EMP010,OneDrive,2025-01-14
AST-EMP010-04,EMP010,text,txt,Shift handoff notes - EMP010,OneDrive,2025-01-15
AST-EMP010-05,EMP010,onenote,one,Lab observations notebook - EMP010,OneDrive,2025-01-16
AST-EMP010-06,EMP010,spreadsheet,xlsx,Skills matrix - EMP010,OneDrive,2025-01-23
AST-EMP010-07,EMP010,spreadsheet-csv,csv,Department metrics export - EMP010,OneDrive,2025-02-10
AST-EMP010-08,EMP010,knowledge-note,md,Knowledge summary notes - EMP010,OneDrive,2025-03-10
AST-EMP011-01,EMP011,presentation,pptx,Project update deck - EMP011,OneDrive,2025-01-13
AST-EMP011-02,EMP011,pdf,pdf,Process compliance document - EMP011,OneDrive,2025-01-14
AST-EMP011-03,EMP011,word,docx,Design specification - EMP011,OneDrive,2025-01-15
AST-EMP011-04,EMP011,text,txt,Shift handoff notes - EMP011,OneDrive,2025-01-16
AST-EMP011-05,EMP011,onenote,one,Lab observations notebook - EMP011,OneDrive,2025-01-17
AST-EMP011-06,EMP011,spreadsheet,xlsx,System resource utilization - EMP011,OneDrive,2025-01-24
AST-EMP011-07,EMP011,spreadsheet-csv,csv,Department metrics export - EMP011,OneDrive,2025-02-11
AST-EMP011-08,EMP011,knowledge-note,md,Knowledge summary notes - EMP011,OneDrive,2025-03-11
AST-EMP012-01,EMP012,presentation,pptx,Project update deck - EMP012,OneDrive,2025-01-14
AST-EMP012-02,EMP012,pdf,pdf,Process compliance document - EMP012,OneDrive,2025-01-15
AST-EMP012-03,EMP012,word,docx,Design specification - EMP012,OneDrive,2025-01-16
AST-EMP012-04,EMP012,text,txt,Shift handoff notes - EMP012,OneDrive,2025-01-17
AST-EMP012-05,EMP012,onenote,one,Lab observations notebook - EMP012,OneDrive,2025-01-18
AST-EMP012-06,EMP012,spreadsheet,xlsx,Budget tracker - EMP012,OneDrive,2025-01-25
AST-EMP012-07,EMP012,spreadsheet-csv,csv,Department metrics export - EMP012,OneDrive,2025-02-12
AST-EMP012-08,EMP012,knowledge-note,md,Knowledge summary notes - EMP012,OneDrive,2025-03-12
AST-EMP013-01,EMP013,presentation,pptx,Project update deck - EMP013,OneDrive,2025-01-15
AST-EMP013-02,EMP013,pdf,pdf,Process compliance document - EMP013,OneDrive,2025-01-16
AST-EMP013-03,EMP013,word,docx,Design specification - EMP013,OneDrive,2025-01-17
AST-EMP013-04,EMP013,text,txt,Shift handoff notes - EMP013,OneDrive,2025-01-18
AST-EMP013-05,EMP013,onenote,one,Lab observations notebook - EMP013,OneDrive,2025-01-19
AST-EMP013-06,EMP013,spreadsheet,xlsx,Vendor comparison - EMP013,OneDrive,2025-01-26
AST-EMP013-07,EMP013,spreadsheet-csv,csv,Department metrics export - EMP013,OneDrive,2025-02-13
AST-EMP013-08,EMP013,knowledge-note,md,Knowledge summary notes - EMP013,OneDrive,2025-03-13
AST-EMP014-01,EMP014,presentation,pptx,Project update deck - EMP014,OneDrive,2025-01-16
AST-EMP014-02,EMP014,pdf,pdf,Process compliance document - EMP014,OneDrive,2025-01-17
AST-EMP014-03,EMP014,word,docx,Design specification - EMP014,OneDrive,2025-01-18
AST-EMP014-04,EMP014,text,txt,Shift handoff notes - EMP014,OneDrive,2025-01-19
AST-EMP014-05,EMP014,onenote,one,Lab observations notebook - EMP014,OneDrive,2025-01-20
AST-EMP014-06,EMP014,spreadsheet,xlsx,Shift productivity report - EMP014,OneDrive,2025-01-27
AST-EMP014-07,EMP014,spreadsheet-csv,csv,Department metrics export - EMP014,OneDrive,2025-02-14
AST-EMP014-08,EMP014,knowledge-note,md,Knowledge summary notes - EMP014,OneDrive,2025-03-14
AST-EMP015-01,EMP015,presentation,pptx,Project update deck - EMP015,OneDrive,2025-01-17
AST-EMP015-02,EMP015,pdf,pdf,Process compliance document - EMP015,OneDrive,2025-01-18
AST-EMP015-03,EMP015,word,docx,Design specification - EMP015,OneDrive,2025-01-19
AST-EMP015-04,EMP015,text,txt,Shift handoff notes - EMP015,OneDrive,2025-01-20
AST-EMP015-05,EMP015,onenote,one,Lab observations notebook - EMP015,OneDrive,2025-01-21
AST-EMP015-06,EMP015,spreadsheet,xlsx,Experiment data log - EMP015,OneDrive,2025-01-28
AST-EMP015-07,EMP015,spreadsheet-csv,csv,Department metrics export - EMP015,OneDrive,2025-02-15
AST-EMP015-08,EMP015,knowledge-note,md,Knowledge summary notes - EMP015,OneDrive,2025-03-15
AST-EMP016-01,EMP016,presentation,pptx,Project update deck - EMP016,OneDrive,2025-01-18
AST-EMP016-02,EMP016,pdf,pdf,Process compliance document - EMP016,OneDrive,2025-01-19
AST-EMP016-03,EMP016,word,docx,Design specification - EMP016,OneDrive,2025-01-20
AST-EMP016-04,EMP016,text,txt,Shift handoff notes - EMP016,OneDrive,2025-01-21
AST-EMP016-05,EMP016,onenote,one,Lab observations notebook - EMP016,OneDrive,2025-01-22
AST-EMP016-06,EMP016,spreadsheet,xlsx,Project resource tracker - EMP016,OneDrive,2025-01-29
AST-EMP016-07,EMP016,spreadsheet-csv,csv,Department metrics export - EMP016,OneDrive,2025-02-16
AST-EMP016-08,EMP016,knowledge-note,md,Knowledge summary notes - EMP016,OneDrive,2025-03-16
AST-EMP017-01,EMP017,presentation,pptx,Project update deck - EMP017,OneDrive,2025-01-19
AST-EMP017-02,EMP017,pdf,pdf,Process compliance document - EMP017,OneDrive,2025-01-20
AST-EMP017-03,EMP017,word,docx,Design specification - EMP017,OneDrive,2025-01-21
AST-EMP017-04,EMP017,text,txt,Shift handoff notes - EMP017,OneDrive,2025-01-22
AST-EMP017-05,EMP017,onenote,one,Lab observations notebook - EMP017,OneDrive,2025-01-23
AST-EMP017-06,EMP017,spreadsheet,xlsx,Equipment inventory tracker - EMP017,OneDrive,2025-01-30
AST-EMP017-07,EMP017,spreadsheet-csv,csv,Department metrics export - EMP017,OneDrive,2025-02-17
AST-EMP017-08,EMP017,knowledge-note,md,Knowledge summary notes - EMP017,OneDrive,2025-03-17
AST-EMP018-01,EMP018,presentation,pptx,Project update deck - EMP018,OneDrive,2025-01-20
AST-EMP018-02,EMP018,pdf,pdf,Process compliance document - EMP018,OneDrive,2025-01-21
AST-EMP018-03,EMP018,word,docx,Design specification - EMP018,OneDrive,2025-01-22
AST-EMP018-04,EMP018,text,txt,Shift handoff notes - EMP018,OneDrive,2025-01-23
AST-EMP018-05,EMP018,onenote,one,Lab observations notebook - EMP018,OneDrive,2025-01-24
AST-EMP018-06,EMP018,spreadsheet,xlsx,Skills matrix - EMP018,OneDrive,2025-01-31
AST-EMP018-07,EMP018,spreadsheet-csv,csv,Department metrics export - EMP018,OneDrive,2025-02-18
AST-EMP018-08,EMP018,knowledge-note,md,Knowledge summary notes - EMP018,OneDrive,2025-03-18
AST-EMP019-01,EMP019,presentation,pptx,Project update deck - EMP019,OneDrive,2025-01-21
AST-EMP019-02,EMP019,pdf,pdf,Process compliance document - EMP019,OneDrive,2025-01-22
AST-EMP019-03,EMP019,word,docx,Design specification - EMP019,OneDrive,2025-01-23
AST-EMP019-04,EMP019,text,txt,Shift handoff notes - EMP019,OneDrive,2025-01-24
AST-EMP019-05,EMP019,onenote,one,Lab observations notebook - EMP019,OneDrive,2025-01-25
AST-EMP019-06,EMP019,spreadsheet,xlsx,System resource utilization - EMP019,OneDrive,2025-02-01
AST-EMP019-07,EMP019,spreadsheet-csv,csv,Department metrics export - EMP019,OneDrive,2025-02-19
AST-EMP019-08,EMP019,knowledge-note,md,Knowledge summary notes - EMP019,OneDrive,2025-03-19
AST-EMP020-01,EMP020,presentation,pptx,Project update deck - EMP020,OneDrive,2025-01-22
AST-EMP020-02,EMP020,pdf,pdf,Process compliance document - EMP020,OneDrive,2025-01-23
AST-EMP020-03,EMP020,word,docx,Design specification - EMP020,OneDrive,2025-01-24
AST-EMP020-04,EMP020,text,txt,Shift handoff notes - EMP020,OneDrive,2025-01-25
AST-EMP020-05,EMP020,onenote,one,Lab observations notebook - EMP020,OneDrive,2025-01-26
AST-EMP020-06,EMP020,spreadsheet,xlsx,Budget tracker - EMP020,OneDrive,2025-02-02
AST-EMP020-07,EMP020,spreadsheet-csv,csv,Department metrics export - EMP020,OneDrive,2025-02-20
AST-EMP020-08,EMP020,knowledge-note,md,Knowledge summary notes - EMP020,OneDrive,2025-03-20
AST-EMP021-01,EMP021,presentation,pptx,Project update deck - EMP021,OneDrive,2025-01-23
AST-EMP021-02,EMP021,pdf,pdf,Process compliance document - EMP021,OneDrive,2025-01-24
AST-EMP021-03,EMP021,word,docx,Design specification - EMP021,OneDrive,2025-01-25
AST-EMP021-04,EMP021,text,txt,Shift handoff notes - EMP021,OneDrive,2025-01-26
AST-EMP021-05,EMP021,onenote,one,Lab observations notebook - EMP021,OneDrive,2025-01-27
AST-EMP021-06,EMP021,spreadsheet,xlsx,Vendor comparison - EMP021,OneDrive,2025-02-03
AST-EMP021-07,EMP021,spreadsheet-csv,csv,Department metrics export - EMP021,OneDrive,2025-02-21
AST-EMP021-08,EMP021,knowledge-note,md,Knowledge summary notes - EMP021,OneDrive,2025-03-21
AST-EMP022-01,EMP022,presentation,pptx,Project update deck - EMP022,OneDrive,2025-01-24
AST-EMP022-02,EMP022,pdf,pdf,Process compliance document - EMP022,OneDrive,2025-01-25
AST-EMP022-03,EMP022,word,docx,Design specification - EMP022,OneDrive,2025-01-26
AST-EMP022-04,EMP022,text,txt,Shift handoff notes - EMP022,OneDrive,2025-01-27
AST-EMP022-05,EMP022,onenote,one,Lab observations notebook - EMP022,OneDrive,2025-01-28
AST-EMP022-06,EMP022,spreadsheet,xlsx,Shift productivity report - EMP022,OneDrive,2025-02-04
AST-EMP022-07,EMP022,spreadsheet-csv,csv,Department metrics export - EMP022,OneDrive,2025-02-22
AST-EMP022-08,EMP022,knowledge-note,md,Knowledge summary notes - EMP022,OneDrive,2025-03-22
AST-EMP023-01,EMP023,presentation,pptx,Project update deck - EMP023,OneDrive,2025-01-25
AST-EMP023-02,EMP023,pdf,pdf,Process compliance document - EMP023,OneDrive,2025-01-26
AST-EMP023-03,EMP023,word,docx,Design specification - EMP023,OneDrive,2025-01-27
AST-EMP023-04,EMP023,text,txt,Shift handoff notes - EMP023,OneDrive,2025-01-28
AST-EMP023-05,EMP023,onenote,one,Lab observations notebook - EMP023,OneDrive,2025-01-29
AST-EMP023-06,EMP023,spreadsheet,xlsx,Experiment data log - EMP023,OneDrive,2025-02-05
AST-EMP023-07,EMP023,spreadsheet-csv,csv,Department metrics export - EMP023,OneDrive,2025-02-23
AST-EMP023-08,EMP023,knowledge-note,md,Knowledge summary notes - EMP023,OneDrive,2025-03-23
AST-EMP024-01,EMP024,presentation,pptx,Project update deck - EMP024,OneDrive,2025-01-26
AST-EMP024-02,EMP024,pdf,pdf,Process compliance document - EMP024,OneDrive,2025-01-27
AST-EMP024-03,EMP024,word,docx,Design specification - EMP024,OneDrive,2025-01-28
AST-EMP024-04,EMP024,text,txt,Shift handoff notes - EMP024,OneDrive,2025-01-29
AST-EMP024-05,EMP024,onenote,one,Lab observations notebook - EMP024,OneDrive,2025-01-30
AST-EMP024-06,EMP024,spreadsheet,xlsx,Project resource tracker - EMP024,OneDrive,2025-02-06
AST-EMP024-07,EMP024,spreadsheet-csv,csv,Department metrics export - EMP024,OneDrive,2025-02-24
AST-EMP024-08,EMP024,knowledge-note,md,Knowledge summary notes - EMP024,OneDrive,2025-03-24
AST-EMP025-01,EMP025,presentation,pptx,Project update deck - EMP025,OneDrive,2025-01-27
AST-EMP025-02,EMP025,pdf,pdf,Process compliance document - EMP025,OneDrive,2025-01-28
AST-EMP025-03,EMP025,word,docx,Design specification - EMP025,OneDrive,2025-01-29
AST-EMP025-04,EMP025,text,txt,Shift handoff notes - EMP025,OneDrive,2025-01-30
AST-EMP025-05,EMP025,onenote,one,Lab observations notebook - EMP025,OneDrive,2025-01-31
AST-EMP025-06,EMP025,spreadsheet,xlsx,Equipment inventory tracker - EMP025,OneDrive,2025-02-07
AST-EMP025-07,EMP025,spreadsheet-csv,csv,Department metrics export - EMP025,OneDrive,2025-02-25
AST-EMP025-08,EMP025,knowledge-note,md,Knowledge summary notes - EMP025,OneDrive,2025-03-25
AST-EMP026-01,EMP026,presentation,pptx,Project update deck - EMP026,OneDrive,2025-01-28
AST-EMP026-02,EMP026,pdf,pdf,Process compliance document - EMP026,OneDrive,2025-01-29
AST-EMP026-03,EMP026,word,docx,Design specification - EMP026,OneDrive,2025-01-30
AST-EMP026-04,EMP026,text,txt,Shift handoff notes - EMP026,OneDrive,2025-01-31
AST-EMP026-05,EMP026,onenote,one,Lab observations notebook - EMP026,OneDrive,2025-02-01
AST-EMP026-06,EMP026,spreadsheet,xlsx,Skills matrix - EMP026,OneDrive,2025-02-08
AST-EMP026-07,EMP026,spreadsheet-csv,csv,Department metrics export - EMP026,OneDrive,2025-02-26
AST-EMP026-08,EMP026,knowledge-note,md,Knowledge summary notes - EMP026,OneDrive,2025-03-26
AST-EMP027-01,EMP027,presentation,pptx,Project update deck - EMP027,OneDrive,2025-01-29
AST-EMP027-02,EMP027,pdf,pdf,Process compliance document - EMP027,OneDrive,2025-01-30
AST-EMP027-03,EMP027,word,docx,Design specification - EMP027,OneDrive,2025-01-31
AST-EMP027-04,EMP027,text,txt,Shift handoff notes - EMP027,OneDrive,2025-02-01
AST-EMP027-05,EMP027,onenote,one,Lab observations notebook - EMP027,OneDrive,2025-02-02
AST-EMP027-06,EMP027,spreadsheet,xlsx,System resource utilization - EMP027,OneDrive,2025-02-09
AST-EMP027-07,EMP027,spreadsheet-csv,csv,Department metrics export - EMP027,OneDrive,2025-02-27
AST-EMP027-08,EMP027,knowledge-note,md,Knowledge summary notes - EMP027,OneDrive,2025-03-27
AST-EMP028-01,EMP028,presentation,pptx,Project update deck - EMP028,OneDrive,2025-01-30
AST-EMP028-02,EMP028,pdf,pdf,Process compliance document - EMP028,OneDrive,2025-01-31
AST-EMP028-03,EMP028,word,docx,Design specification - EMP028,OneDrive,2025-02-01
AST-EMP028-04,EMP028,text,txt,Shift handoff notes - EMP028,OneDrive,2025-02-02
AST-EMP028-05,EMP028,onenote,one,Lab observations notebook - EMP028,OneDrive,2025-02-03
AST-EMP028-06,EMP028,spreadsheet,xlsx,Budget tracker - EMP028,OneDrive,2025-02-10
AST-EMP028-07,EMP028,spreadsheet-csv,csv,Department metrics export - EMP028,OneDrive,2025-02-28
AST-EMP028-08,EMP028,knowledge-note,md,Knowledge summary notes - EMP028,OneDrive,2025-03-28
AST-EMP029-01,EMP029,presentation,pptx,Project update deck - EMP029,OneDrive,2025-01-31
AST-EMP029-02,EMP029,pdf,pdf,Process compliance document - EMP029,OneDrive,2025-02-01
AST-EMP029-03,EMP029,word,docx,Design specification - EMP029,OneDrive,2025-02-02
AST-EMP029-04,EMP029,text,txt,Shift handoff notes - EMP029,OneDrive,2025-02-03
AST-EMP029-05,EMP029,onenote,one,Lab observations notebook - EMP029,OneDrive,2025-02-04
AST-EMP029-06,EMP029,spreadsheet,xlsx,Vendor comparison - EMP029,OneDrive,2025-02-11
AST-EMP029-07,EMP029,spreadsheet-csv,csv,Department metrics export - EMP029,OneDrive,2025-02-01
AST-EMP029-08,EMP029,knowledge-note,md,Knowledge summary notes - EMP029,OneDrive,2025-03-01
AST-EMP030-01,EMP030,presentation,pptx,Project update deck - EMP030,OneDrive,2025-02-01
AST-EMP030-02,EMP030,pdf,pdf,Process compliance document - EMP030,OneDrive,2025-02-02
AST-EMP030-03,EMP030,word,docx,Design specification - EMP030,OneDrive,2025-02-03
AST-EMP030-04,EMP030,text,txt,Shift handoff notes - EMP030,OneDrive,2025-02-04
AST-EMP030-05,EMP030,onenote,one,Lab observations notebook - EMP030,OneDrive,2025-02-05
AST-EMP030-06,EMP030,spreadsheet,xlsx,Shift productivity report - EMP030,OneDrive,2025-02-12
AST-EMP030-07,EMP030,spreadsheet-csv,csv,Department metrics export - EMP030,OneDrive,2025-02-02
AST-EMP030-08,EMP030,knowledge-note,md,Knowledge summary notes - EMP030,OneDrive,2025-03-02
AST-EMP031-01,EMP031,presentation,pptx,Project update deck - EMP031,OneDrive,2025-02-02
AST-EMP031-02,EMP031,pdf,pdf,Process compliance document - EMP031,OneDrive,2025-02-03
AST-EMP031-03,EMP031,word,docx,Design specification - EMP031,OneDrive,2025-02-04
AST-EMP031-04,EMP031,text,txt,Shift handoff notes - EMP031,OneDrive,2025-02-05
AST-EMP031-05,EMP031,onenote,one,Lab observations notebook - EMP031,OneDrive,2025-02-06
AST-EMP031-06,EMP031,spreadsheet,xlsx,Experiment data log - EMP031,OneDrive,2025-02-13
AST-EMP031-07,EMP031,spreadsheet-csv,csv,Department metrics export - EMP031,OneDrive,2025-02-03
AST-EMP031-08,EMP031,knowledge-note,md,Knowledge summary notes - EMP031,OneDrive,2025-03-03
AST-EMP032-01,EMP032,presentation,pptx,Project update deck - EMP032,OneDrive,2025-02-03
AST-EMP032-02,EMP032,pdf,pdf,Process compliance document - EMP032,OneDrive,2025-02-04
AST-EMP032-03,EMP032,word,docx,Design specification - EMP032,OneDrive,2025-02-05
AST-EMP032-04,EMP032,text,txt,Shift handoff notes - EMP032,OneDrive,2025-02-06
AST-EMP032-05,EMP032,onenote,one,Lab observations notebook - EMP032,OneDrive,2025-02-07
AST-EMP032-06,EMP032,spreadsheet,xlsx,Project resource tracker - EMP032,OneDrive,2025-02-14
AST-EMP032-07,EMP032,spreadsheet-csv,csv,Department metrics export - EMP032,OneDrive,2025-02-04
AST-EMP032-08,EMP032,knowledge-note,md,Knowledge summary notes - EMP032,OneDrive,2025-03-04
AST-EMP033-01,EMP033,presentation,pptx,Project update deck - EMP033,OneDrive,2025-02-04
AST-EMP033-02,EMP033,pdf,pdf,Process compliance document - EMP033,OneDrive,2025-02-05
AST-EMP033-03,EMP033,word,docx,Design specification - EMP033,OneDrive,2025-02-06
AST-EMP033-04,EMP033,text,txt,Shift handoff notes - EMP033,OneDrive,2025-02-07
AST-EMP033-05,EMP033,onenote,one,Lab observations notebook - EMP033,OneDrive,2025-02-08
AST-EMP033-06,EMP033,spreadsheet,xlsx,Equipment inventory tracker - EMP033,OneDrive,2025-02-15
AST-EMP033-07,EMP033,spreadsheet-csv,csv,Department metrics export - EMP033,OneDrive,2025-02-05
AST-EMP033-08,EMP033,knowledge-note,md,Knowledge summary notes - EMP033,OneDrive,2025-03-05
AST-EMP034-01,EMP034,presentation,pptx,Project update deck - EMP034,OneDrive,2025-02-05
AST-EMP034-02,EMP034,pdf,pdf,Process compliance document - EMP034,OneDrive,2025-02-06
AST-EMP034-03,EMP034,word,docx,Design specification - EMP034,OneDrive,2025-02-07
AST-EMP034-04,EMP034,text,txt,Shift handoff notes - EMP034,OneDrive,2025-02-08
AST-EMP034-05,EMP034,onenote,one,Lab observations notebook - EMP034,OneDrive,2025-02-09
AST-EMP034-06,EMP034,spreadsheet,xlsx,Skills matrix - EMP034,OneDrive,2025-02-16
AST-EMP034-07,EMP034,spreadsheet-csv,csv,Department metrics export - EMP034,OneDrive,2025-02-06
AST-EMP034-08,EMP034,knowledge-note,md,Knowledge summary notes - EMP034,OneDrive,2025-03-06
AST-EMP035-01,EMP035,presentation,pptx,Project update deck - EMP035,OneDrive,2025-02-06
AST-EMP035-02,EMP035,pdf,pdf,Process compliance document - EMP035,OneDrive,2025-02-07
AST-EMP035-03,EMP035,word,docx,Design specification - EMP035,OneDrive,2025-02-08
AST-EMP035-04,EMP035,text,txt,Shift handoff notes - EMP035,OneDrive,2025-02-09
AST-EMP035-05,EMP035,onenote,one,Lab observations notebook - EMP035,OneDrive,2025-02-10
AST-EMP035-06,EMP035,spreadsheet,xlsx,System resource utilization - EMP035,OneDrive,2025-02-17
AST-EMP035-07,EMP035,spreadsheet-csv,csv,Department metrics export - EMP035,OneDrive,2025-02-07
AST-EMP035-08,EMP035,knowledge-note,md,Knowledge summary notes - EMP035,OneDrive,2025-03-07
AST-EMP036-01,EMP036,presentation,pptx,Project update deck - EMP036,OneDrive,2025-02-07
AST-EMP036-02,EMP036,pdf,pdf,Process compliance document - EMP036,OneDrive,2025-02-08
AST-EMP036-03,EMP036,word,docx,Design specification - EMP036,OneDrive,2025-02-09
AST-EMP036-04,EMP036,text,txt,Shift handoff notes - EMP036,OneDrive,2025-02-10
AST-EMP036-05,EMP036,onenote,one,Lab observations notebook - EMP036,OneDrive,2025-02-11
AST-EMP036-06,EMP036,spreadsheet,xlsx,Budget tracker - EMP036,OneDrive,2025-02-18
AST-EMP036-07,EMP036,spreadsheet-csv,csv,Department metrics export - EMP036,OneDrive,2025-02-08
AST-EMP036-08,EMP036,knowledge-note,md,Knowledge summary notes - EMP036,OneDrive,2025-03-08
AST-EMP037-01,EMP037,presentation,pptx,Project update deck - EMP037,OneDrive,2025-02-08
AST-EMP037-02,EMP037,pdf,pdf,Process compliance document - EMP037,OneDrive,2025-02-09
AST-EMP037-03,EMP037,word,docx,Design specification - EMP037,OneDrive,2025-02-10
AST-EMP037-04,EMP037,text,txt,Shift handoff notes - EMP037,OneDrive,2025-02-11
AST-EMP037-05,EMP037,onenote,one,Lab observations notebook - EMP037,OneDrive,2025-02-12
AST-EMP037-06,EMP037,spreadsheet,xlsx,Vendor comparison - EMP037,OneDrive,2025-02-19
AST-EMP037-07,EMP037,spreadsheet-csv,csv,Department metrics export - EMP037,OneDrive,2025-02-09
AST-EMP037-08,EMP037,knowledge-note,md,Knowledge summary notes - EMP037,OneDrive,2025-03-09
AST-EMP038-01,EMP038,presentation,pptx,Project update deck - EMP038,OneDrive,2025-02-09
AST-EMP038-02,EMP038,pdf,pdf,Process compliance document - EMP038,OneDrive,2025-02-10
AST-EMP038-03,EMP038,word,docx,Design specification - EMP038,OneDrive,2025-02-11
AST-EMP038-04,EMP038,text,txt,Shift handoff notes - EMP038,OneDrive,2025-02-12
AST-EMP038-05,EMP038,onenote,one,Lab observations notebook - EMP038,OneDrive,2025-02-13
AST-EMP038-06,EMP038,spreadsheet,xlsx,Shift productivity report - EMP038,OneDrive,2025-02-20
AST-EMP038-07,EMP038,spreadsheet-csv,csv,Department metrics export - EMP038,OneDrive,2025-02-10
AST-EMP038-08,EMP038,knowledge-note,md,Knowledge summary notes - EMP038,OneDrive,2025-03-10
AST-EMP039-01,EMP039,presentation,pptx,Project update deck - EMP039,OneDrive,2025-02-10
AST-EMP039-02,EMP039,pdf,pdf,Process compliance document - EMP039,OneDrive,2025-02-11
AST-EMP039-03,EMP039,word,docx,Design specification - EMP039,OneDrive,2025-02-12
AST-EMP039-04,EMP039,text,txt,Shift handoff notes - EMP039,OneDrive,2025-02-13
AST-EMP039-05,EMP039,onenote,one,Lab observations notebook - EMP039,OneDrive,2025-02-14
AST-EMP039-06,EMP039,spreadsheet,xlsx,Experiment data log - EMP039,OneDrive,2025-02-21
AST-EMP039-07,EMP039,spreadsheet-csv,csv,Department metrics export - EMP039,OneDrive,2025-02-11
AST-EMP039-08,EMP039,knowledge-note,md,Knowledge summary notes - EMP039,OneDrive,2025-03-11
AST-EMP040-01,EMP040,presentation,pptx,Project update deck - EMP040,OneDrive,2025-02-11
AST-EMP040-02,EMP040,pdf,pdf,Process compliance document - EMP040,OneDrive,2025-02-12
AST-EMP040-03,EMP040,word,docx,Design specification - EMP040,OneDrive,2025-02-13
AST-EMP040-04,EMP040,text,txt,Shift handoff notes - EMP040,OneDrive,2025-02-14
AST-EMP040-05,EMP040,onenote,one,Lab observations notebook - EMP040,OneDrive,2025-02-15
AST-EMP040-06,EMP040,spreadsheet,xlsx,Project resource tracker - EMP040,OneDrive,2025-02-22
AST-EMP040-07,EMP040,spreadsheet-csv,csv,Department metrics export - EMP040,OneDrive,2025-02-12
AST-EMP040-08,EMP040,knowledge-note,md,Knowledge summary notes - EMP040,OneDrive,2025-03-12
AST-EMP041-01,EMP041,presentation,pptx,Project update deck - EMP041,OneDrive,2025-02-12
AST-EMP041-02,EMP041,pdf,pdf,Process compliance document - EMP041,OneDrive,2025-02-13
AST-EMP041-03,EMP041,word,docx,Design specification - EMP041,OneDrive,2025-02-14
AST-EMP041-04,EMP041,text,txt,Shift handoff notes - EMP041,OneDrive,2025-02-15
AST-EMP041-05,EMP041,onenote,one,Lab observations notebook - EMP041,OneDrive,2025-02-16
AST-EMP041-06,EMP041,spreadsheet,xlsx,Equipment inventory tracker - EMP041,OneDrive,2025-02-23
AST-EMP041-07,EMP041,spreadsheet-csv,csv,Department metrics export - EMP041,OneDrive,2025-02-13
AST-EMP041-08,EMP041,knowledge-note,md,Knowledge summary notes - EMP041,OneDrive,2025-03-13
AST-EMP042-01,EMP042,presentation,pptx,Project update deck - EMP042,OneDrive,2025-02-13
AST-EMP042-02,EMP042,pdf,pdf,Process compliance document - EMP042,OneDrive,2025-02-14
AST-EMP042-03,EMP042,word,docx,Design specification - EMP042,OneDrive,2025-02-15
AST-EMP042-04,EMP042,text,txt,Shift handoff notes - EMP042,OneDrive,2025-02-16
AST-EMP042-05,EMP042,onenote,one,Lab observations notebook - EMP042,OneDrive,2025-02-17
AST-EMP042-06,EMP042,spreadsheet,xlsx,Skills matrix - EMP042,OneDrive,2025-02-24
AST-EMP042-07,EMP042,spreadsheet-csv,csv,Department metrics export - EMP042,OneDrive,2025-02-14
AST-EMP042-08,EMP042,knowledge-note,md,Knowledge summary notes - EMP042,OneDrive,2025-03-14
AST-EMP043-01,EMP043,presentation,pptx,Project update deck - EMP043,OneDrive,2025-02-14
AST-EMP043-02,EMP043,pdf,pdf,Process compliance document - EMP043,OneDrive,2025-02-15
AST-EMP043-03,EMP043,word,docx,Design specification - EMP043,OneDrive,2025-02-16
AST-EMP043-04,EMP043,text,txt,Shift handoff notes - EMP043,OneDrive,2025-02-17
AST-EMP043-05,EMP043,onenote,one,Lab observations notebook - EMP043,OneDrive,2025-02-18
AST-EMP043-06,EMP043,spreadsheet,xlsx,System resource utilization - EMP043,OneDrive,2025-02-25
AST-EMP043-07,EMP043,spreadsheet-csv,csv,Department metrics export - EMP043,OneDrive,2025-02-15
AST-EMP043-08,EMP043,knowledge-note,md,Knowledge summary notes - EMP043,OneDrive,2025-03-15
AST-EMP044-01,EMP044,presentation,pptx,Project update deck - EMP044,OneDrive,2025-02-15
AST-EMP044-02,EMP044,pdf,pdf,Process compliance document - EMP044,OneDrive,2025-02-16
AST-EMP044-03,EMP044,word,docx,Design specification - EMP044,OneDrive,2025-02-17
AST-EMP044-04,EMP044,text,txt,Shift handoff notes - EMP044,OneDrive,2025-02-18
AST-EMP044-05,EMP044,onenote,one,Lab observations notebook - EMP044,OneDrive,2025-02-19
AST-EMP044-06,EMP044,spreadsheet,xlsx,Budget tracker - EMP044,OneDrive,2025-02-26
AST-EMP044-07,EMP044,spreadsheet-csv,csv,Department metrics export - EMP044,OneDrive,2025-02-16
AST-EMP044-08,EMP044,knowledge-note,md,Knowledge summary notes - EMP044,OneDrive,2025-03-16
AST-EMP045-01,EMP045,presentation,pptx,Project update deck - EMP045,OneDrive,2025-02-16
AST-EMP045-02,EMP045,pdf,pdf,Process compliance document - EMP045,OneDrive,2025-02-17
AST-EMP045-03,EMP045,word,docx,Design specification - EMP045,OneDrive,2025-02-18
AST-EMP045-04,EMP045,text,txt,Shift handoff notes - EMP045,OneDrive,2025-02-19
AST-EMP045-05,EMP045,onenote,one,Lab observations notebook - EMP045,OneDrive,2025-02-20
AST-EMP045-06,EMP045,spreadsheet,xlsx,Vendor comparison - EMP045,OneDrive,2025-02-27
AST-EMP045-07,EMP045,spreadsheet-csv,csv,Department metrics export - EMP045,OneDrive,2025-02-17
AST-EMP045-08,EMP045,knowledge-note,md,Knowledge summary notes - EMP045,OneDrive,2025-03-17
AST-EMP046-01,EMP046,presentation,pptx,Project update deck - EMP046,OneDrive,2025-02-17
AST-EMP046-02,EMP046,pdf,pdf,Process compliance document - EMP046,OneDrive,2025-02-18
AST-EMP046-03,EMP046,word,docx,Design specification - EMP046,OneDrive,2025-02-19
AST-EMP046-04,EMP046,text,txt,Shift handoff notes - EMP046,OneDrive,2025-02-20
AST-EMP046-05,EMP046,onenote,one,Lab observations notebook - EMP046,OneDrive,2025-02-21
AST-EMP046-06,EMP046,spreadsheet,xlsx,Shift productivity report - EMP046,OneDrive,2025-02-28
AST-EMP046-07,EMP046,spreadsheet-csv,csv,Department metrics export - EMP046,OneDrive,2025-02-18
AST-EMP046-08,EMP046,knowledge-note,md,Knowledge summary notes - EMP046,OneDrive,2025-03-18
AST-EMP047-01,EMP047,presentation,pptx,Project update deck - EMP047,OneDrive,2025-02-18
AST-EMP047-02,EMP047,pdf,pdf,Process compliance document - EMP047,OneDrive,2025-02-19
AST-EMP047-03,EMP047,word,docx,Design specification - EMP047,OneDrive,2025-02-20
AST-EMP047-04,EMP047,text,txt,Shift handoff notes - EMP047,OneDrive,2025-02-21
AST-EMP047-05,EMP047,onenote,one,Lab observations notebook - EMP047,OneDrive,2025-02-22
AST-EMP047-06,EMP047,spreadsheet,xlsx,Experiment data log - EMP047,OneDrive,2025-03-01
AST-EMP047-07,EMP047,spreadsheet-csv,csv,Department metrics export - EMP047,OneDrive,2025-02-19
AST-EMP047-08,EMP047,knowledge-note,md,Knowledge summary notes - EMP047,OneDrive,2025-03-19
AST-EMP048-01,EMP048,presentation,pptx,Project update deck - EMP048,OneDrive,2025-02-19
AST-EMP048-02,EMP048,pdf,pdf,Process compliance document - EMP048,OneDrive,2025-02-20
AST-EMP048-03,EMP048,word,docx,Design specification - EMP048,OneDrive,2025-02-21
AST-EMP048-04,EMP048,text,txt,Shift handoff notes - EMP048,OneDrive,2025-02-22
AST-EMP048-05,EMP048,onenote,one,Lab observations notebook - EMP048,OneDrive,2025-02-23
AST-EMP048-06,EMP048,spreadsheet,xlsx,Project resource tracker - EMP048,OneDrive,2025-03-02
AST-EMP048-07,EMP048,spreadsheet-csv,csv,Department metrics export - EMP048,OneDrive,2025-02-20
AST-EMP048-08,EMP048,knowledge-note,md,Knowledge summary notes - EMP048,OneDrive,2025-03-20
AST-EMP049-01,EMP049,presentation,pptx,Project update deck - EMP049,OneDrive,2025-02-20
AST-EMP049-02,EMP049,pdf,pdf,Process compliance document - EMP049,OneDrive,2025-02-21
AST-EMP049-03,EMP049,word,docx,Design specification - EMP049,OneDrive,2025-02-22
AST-EMP049-04,EMP049,text,txt,Shift handoff notes - EMP049,OneDrive,2025-02-23
AST-EMP049-05,EMP049,onenote,one,Lab observations notebook - EMP049,OneDrive,2025-02-24
AST-EMP049-06,EMP049,spreadsheet,xlsx,Equipment inventory tracker - EMP049,OneDrive,2025-03-03
AST-EMP049-07,EMP049,spreadsheet-csv,csv,Department metrics export - EMP049,OneDrive,2025-02-21
AST-EMP049-08,EMP049,knowledge-note,md,Knowledge summary notes - EMP049,OneDrive,2025-03-21
AST-EMP050-01,EMP050,presentation,pptx,Project update deck - EMP050,OneDrive,2025-02-21
AST-EMP050-02,EMP050,pdf,pdf,Process compliance document - EMP050,OneDrive,2025-02-22
AST-EMP050-03,EMP050,word,docx,Design specification - EMP050,OneDrive,2025-02-23
AST-EMP050-04,EMP050,text,txt,Shift handoff notes - EMP050,OneDrive,2025-02-24
AST-EMP050-05,EMP050,onenote,one,Lab observations notebook - EMP050,OneDrive,2025-02-25
AST-EMP050-06,EMP050,spreadsheet,xlsx,Skills matrix - EMP050,OneDrive,2025-03-04
AST-EMP050-07,EMP050,spreadsheet-csv,csv,Department metrics export - EMP050,OneDrive,2025-02-22
AST-EMP050-08,EMP050,knowledge-note,md,Knowledge summary notes - EMP050,OneDrive,2025-03-22
AST-EMP051-01,EMP051,presentation,pptx,Project update deck - EMP051,OneDrive,2025-02-22
AST-EMP051-02,EMP051,pdf,pdf,Process compliance document - EMP051,OneDrive,2025-02-23
AST-EMP051-03,EMP051,word,docx,Design specification - EMP051,OneDrive,2025-02-24
AST-EMP051-04,EMP051,text,txt,Shift handoff notes - EMP051,OneDrive,2025-02-25
AST-EMP051-05,EMP051,onenote,one,Lab observations notebook - EMP051,OneDrive,2025-02-26
AST-EMP051-06,EMP051,spreadsheet,xlsx,System resource utilization - EMP051,OneDrive,2025-03-05
AST-EMP051-07,EMP051,spreadsheet-csv,csv,Department metrics export - EMP051,OneDrive,2025-02-23
AST-EMP051-08,EMP051,knowledge-note,md,Knowledge summary notes - EMP051,OneDrive,2025-03-23
AST-EMP052-01,EMP052,presentation,pptx,Project update deck - EMP052,OneDrive,2025-02-23
AST-EMP052-02,EMP052,pdf,pdf,Process compliance document - EMP052,OneDrive,2025-02-24
AST-EMP052-03,EMP052,word,docx,Design specification - EMP052,OneDrive,2025-02-25
AST-EMP052-04,EMP052,text,txt,Shift handoff notes - EMP052,OneDrive,2025-02-26
AST-EMP052-05,EMP052,onenote,one,Lab observations notebook - EMP052,OneDrive,2025-02-27
AST-EMP052-06,EMP052,spreadsheet,xlsx,Budget tracker - EMP052,OneDrive,2025-03-06
AST-EMP052-07,EMP052,spreadsheet-csv,csv,Department metrics export - EMP052,OneDrive,2025-02-24
AST-EMP052-08,EMP052,knowledge-note,md,Knowledge summary notes - EMP052,OneDrive,2025-03-24
AST-EMP053-01,EMP053,presentation,pptx,Project update deck - EMP053,OneDrive,2025-02-24
AST-EMP053-02,EMP053,pdf,pdf,Process compliance document - EMP053,OneDrive,2025-02-25
AST-EMP053-03,EMP053,word,docx,Design specification - EMP053,OneDrive,2025-02-26
AST-EMP053-04,EMP053,text,txt,Shift handoff notes - EMP053,OneDrive,2025-02-27
AST-EMP053-05,EMP053,onenote,one,Lab observations notebook - EMP053,OneDrive,2025-02-28
AST-EMP053-06,EMP053,spreadsheet,xlsx,Vendor comparison - EMP053,OneDrive,2025-03-07
AST-EMP053-07,EMP053,spreadsheet-csv,csv,Department metrics export - EMP053,OneDrive,2025-02-25
AST-EMP053-08,EMP053,knowledge-note,md,Knowledge summary notes - EMP053,OneDrive,2025-03-25
AST-EMP054-01,EMP054,presentation,pptx,Project update deck - EMP054,OneDrive,2025-02-25
AST-EMP054-02,EMP054,pdf,pdf,Process compliance document - EMP054,OneDrive,2025-02-26
AST-EMP054-03,EMP054,word,docx,Design specification - EMP054,OneDrive,2025-02-27
AST-EMP054-04,EMP054,text,txt,Shift handoff notes - EMP054,OneDrive,2025-02-28
AST-EMP054-05,EMP054,onenote,one,Lab observations notebook - EMP054,OneDrive,2025-03-01
AST-EMP054-06,EMP054,spreadsheet,xlsx,Shift productivity report - EMP054,OneDrive,2025-03-08
AST-EMP054-07,EMP054,spreadsheet-csv,csv,Department metrics export - EMP054,OneDrive,2025-02-26
AST-EMP054-08,EMP054,knowledge-note,md,Knowledge summary notes - EMP054,OneDrive,2025-03-26
AST-EMP055-01,EMP055,presentation,pptx,Project update deck - EMP055,OneDrive,2025-02-26
AST-EMP055-02,EMP055,pdf,pdf,Process compliance document - EMP055,OneDrive,2025-02-27
AST-EMP055-03,EMP055,word,docx,Design specification - EMP055,OneDrive,2025-02-28
AST-EMP055-04,EMP055,text,txt,Shift handoff notes - EMP055,OneDrive,2025-03-01
AST-EMP055-05,EMP055,onenote,one,Lab observations notebook - EMP055,OneDrive,2025-03-02
AST-EMP055-06,EMP055,spreadsheet,xlsx,Experiment data log - EMP055,OneDrive,2025-03-09
AST-EMP055-07,EMP055,spreadsheet-csv,csv,Department metrics export - EMP055,OneDrive,2025-02-27
AST-EMP055-08,EMP055,knowledge-note,md,Knowledge summary notes - EMP055,OneDrive,2025-03-27
AST-EMP056-01,EMP056,presentation,pptx,Project update deck - EMP056,OneDrive,2025-02-27
AST-EMP056-02,EMP056,pdf,pdf,Process compliance document - EMP056,OneDrive,2025-02-28
AST-EMP056-03,EMP056,word,docx,Design specification - EMP056,OneDrive,2025-03-01
AST-EMP056-04,EMP056,text,txt,Shift handoff notes - EMP056,OneDrive,2025-03-02
AST-EMP056-05,EMP056,onenote,one,Lab observations notebook - EMP056,OneDrive,2025-03-03
AST-EMP056-06,EMP056,spreadsheet,xlsx,Project resource tracker - EMP056,OneDrive,2025-03-10
AST-EMP056-07,EMP056,spreadsheet-csv,csv,Department metrics export - EMP056,OneDrive,2025-02-28
AST-EMP056-08,EMP056,knowledge-note,md,Knowledge summary notes - EMP056,OneDrive,2025-03-28
AST-EMP057-01,EMP057,presentation,pptx,Project update deck - EMP057,OneDrive,2025-02-28
AST-EMP057-02,EMP057,pdf,pdf,Process compliance document - EMP057,OneDrive,2025-03-01
AST-EMP057-03,EMP057,word,docx,Design specification - EMP057,OneDrive,2025-03-02
AST-EMP057-04,EMP057,text,txt,Shift handoff notes - EMP057,OneDrive,2025-03-03
AST-EMP057-05,EMP057,onenote,one,Lab observations notebook - EMP057,OneDrive,2025-03-04
AST-EMP057-06,EMP057,spreadsheet,xlsx,Equipment inventory tracker - EMP057,OneDrive,2025-03-11
AST-EMP057-07,EMP057,spreadsheet-csv,csv,Department metrics export - EMP057,OneDrive,2025-02-01
AST-EMP057-08,EMP057,knowledge-note,md,Knowledge summary notes - EMP057,OneDrive,2025-03-01
AST-EMP058-01,EMP058,presentation,pptx,Project update deck - EMP058,OneDrive,2025-03-01
AST-EMP058-02,EMP058,pdf,pdf,Process compliance document - EMP058,OneDrive,2025-03-02
AST-EMP058-03,EMP058,word,docx,Design specification - EMP058,OneDrive,2025-03-03
AST-EMP058-04,EMP058,text,txt,Shift handoff notes - EMP058,OneDrive,2025-03-04
AST-EMP058-05,EMP058,onenote,one,Lab observations notebook - EMP058,OneDrive,2025-03-05
AST-EMP058-06,EMP058,spreadsheet,xlsx,Skills matrix - EMP058,OneDrive,2025-03-12
AST-EMP058-07,EMP058,spreadsheet-csv,csv,Department metrics export - EMP058,OneDrive,2025-02-02
AST-EMP058-08,EMP058,knowledge-note,md,Knowledge summary notes - EMP058,OneDrive,2025-03-02
AST-EMP059-01,EMP059,presentation,pptx,Project update deck - EMP059,OneDrive,2025-03-02
AST-EMP059-02,EMP059,pdf,pdf,Process compliance document - EMP059,OneDrive,2025-03-03
AST-EMP059-03,EMP059,word,docx,Design specification - EMP059,OneDrive,2025-03-04
AST-EMP059-04,EMP059,text,txt,Shift handoff notes - EMP059,OneDrive,2025-03-05
AST-EMP059-05,EMP059,onenote,one,Lab observations notebook - EMP059,OneDrive,2025-03-06
AST-EMP059-06,EMP059,spreadsheet,xlsx,System resource utilization - EMP059,OneDrive,2025-03-13
AST-EMP059-07,EMP059,spreadsheet-csv,csv,Department metrics export - EMP059,OneDrive,2025-02-03
AST-EMP059-08,EMP059,knowledge-note,md,Knowledge summary notes - EMP059,OneDrive,2025-03-03
AST-EMP060-01,EMP060,presentation,pptx,Project update deck - EMP060,OneDrive,2025-03-03
AST-EMP060-02,EMP060,pdf,pdf,Process compliance document - EMP060,OneDrive,2025-03-04
AST-EMP060-03,EMP060,word,docx,Design specification - EMP060,OneDrive,2025-03-05
AST-EMP060-04,EMP060,text,txt,Shift handoff notes - EMP060,OneDrive,2025-03-06
AST-EMP060-05,EMP060,onenote,one,Lab observations notebook - EMP060,OneDrive,2025-03-07
AST-EMP060-06,EMP060,spreadsheet,xlsx,Budget tracker - EMP060,OneDrive,2025-03-14
AST-EMP060-07,EMP060,spreadsheet-csv,csv,Department metrics export - EMP060,OneDrive,2025-02-04
AST-EMP060-08,EMP060,knowledge-note,md,Knowledge summary notes - EMP060,OneDrive,2025-03-04
AST-EMP061-01,EMP061,presentation,pptx,Project update deck - EMP061,OneDrive,2025-03-04
AST-EMP061-02,EMP061,pdf,pdf,Process compliance document - EMP061,OneDrive,2025-03-05
AST-EMP061-03,EMP061,word,docx,Design specification - EMP061,OneDrive,2025-03-06
AST-EMP061-04,EMP061,text,txt,Shift handoff notes - EMP061,OneDrive,2025-03-07
AST-EMP061-05,EMP061,onenote,one,Lab observations notebook - EMP061,OneDrive,2025-03-08
AST-EMP061-06,EMP061,spreadsheet,xlsx,Vendor comparison - EMP061,OneDrive,2025-03-15
AST-EMP061-07,EMP061,spreadsheet-csv,csv,Department metrics export - EMP061,OneDrive,2025-02-05
AST-EMP061-08,EMP061,knowledge-note,md,Knowledge summary notes - EMP061,OneDrive,2025-03-05
AST-EMP062-01,EMP062,presentation,pptx,Project update deck - EMP062,OneDrive,2025-03-05
AST-EMP062-02,EMP062,pdf,pdf,Process compliance document - EMP062,OneDrive,2025-03-06
AST-EMP062-03,EMP062,word,docx,Design specification - EMP062,OneDrive,2025-03-07
AST-EMP062-04,EMP062,text,txt,Shift handoff notes - EMP062,OneDrive,2025-03-08
AST-EMP062-05,EMP062,onenote,one,Lab observations notebook - EMP062,OneDrive,2025-03-09
AST-EMP062-06,EMP062,spreadsheet,xlsx,Shift productivity report - EMP062,OneDrive,2025-03-16
AST-EMP062-07,EMP062,spreadsheet-csv,csv,Department metrics export - EMP062,OneDrive,2025-02-06
AST-EMP062-08,EMP062,knowledge-note,md,Knowledge summary notes - EMP062,OneDrive,2025-03-06
AST-EMP063-01,EMP063,presentation,pptx,Project update deck - EMP063,OneDrive,2025-03-06
AST-EMP063-02,EMP063,pdf,pdf,Process compliance document - EMP063,OneDrive,2025-03-07
AST-EMP063-03,EMP063,word,docx,Design specification - EMP063,OneDrive,2025-03-08
AST-EMP063-04,EMP063,text,txt,Shift handoff notes - EMP063,OneDrive,2025-03-09
AST-EMP063-05,EMP063,onenote,one,Lab observations notebook - EMP063,OneDrive,2025-03-10
AST-EMP063-06,EMP063,spreadsheet,xlsx,Experiment data log - EMP063,OneDrive,2025-03-17
AST-EMP063-07,EMP063,spreadsheet-csv,csv,Department metrics export - EMP063,OneDrive,2025-02-07
AST-EMP063-08,EMP063,knowledge-note,md,Knowledge summary notes - EMP063,OneDrive,2025-03-07
AST-EMP064-01,EMP064,presentation,pptx,Project update deck - EMP064,OneDrive,2025-03-07
AST-EMP064-02,EMP064,pdf,pdf,Process compliance document - EMP064,OneDrive,2025-03-08
AST-EMP064-03,EMP064,word,docx,Design specification - EMP064,OneDrive,2025-03-09
AST-EMP064-04,EMP064,text,txt,Shift handoff notes - EMP064,OneDrive,2025-03-10
AST-EMP064-05,EMP064,onenote,one,Lab observations notebook - EMP064,OneDrive,2025-03-11
AST-EMP064-06,EMP064,spreadsheet,xlsx,Project resource tracker - EMP064,OneDrive,2025-03-18
AST-EMP064-07,EMP064,spreadsheet-csv,csv,Department metrics export - EMP064,OneDrive,2025-02-08
AST-EMP064-08,EMP064,knowledge-note,md,Knowledge summary notes - EMP064,OneDrive,2025-03-08
AST-EMP065-01,EMP065,presentation,pptx,Project update deck - EMP065,OneDrive,2025-03-08
AST-EMP065-02,EMP065,pdf,pdf,Process compliance document - EMP065,OneDrive,2025-03-09
AST-EMP065-03,EMP065,word,docx,Design specification - EMP065,OneDrive,2025-03-10
AST-EMP065-04,EMP065,text,txt,Shift handoff notes - EMP065,OneDrive,2025-03-11
AST-EMP065-05,EMP065,onenote,one,Lab observations notebook - EMP065,OneDrive,2025-03-12
AST-EMP065-06,EMP065,spreadsheet,xlsx,Equipment inventory tracker - EMP065,OneDrive,2025-03-19
AST-EMP065-07,EMP065,spreadsheet-csv,csv,Department metrics export - EMP065,OneDrive,2025-02-09
AST-EMP065-08,EMP065,knowledge-note,md,Knowledge summary notes - EMP065,OneDrive,2025-03-09
AST-EMP066-01,EMP066,presentation,pptx,Project update deck - EMP066,OneDrive,2025-03-09
AST-EMP066-02,EMP066,pdf,pdf,Process compliance document - EMP066,OneDrive,2025-03-10
AST-EMP066-03,EMP066,word,docx,Design specification - EMP066,OneDrive,2025-03-11
AST-EMP066-04,EMP066,text,txt,Shift handoff notes - EMP066,OneDrive,2025-03-12
AST-EMP066-05,EMP066,onenote,one,Lab observations notebook - EMP066,OneDrive,2025-03-13
AST-EMP066-06,EMP066,spreadsheet,xlsx,Skills matrix - EMP066,OneDrive,2025-03-20
AST-EMP066-07,EMP066,spreadsheet-csv,csv,Department metrics export - EMP066,OneDrive,2025-02-10
AST-EMP066-08,EMP066,knowledge-note,md,Knowledge summary notes - EMP066,OneDrive,2025-03-10
AST-EMP067-01,EMP067,presentation,pptx,Project update deck - EMP067,OneDrive,2025-03-10
AST-EMP067-02,EMP067,pdf,pdf,Process compliance document - EMP067,OneDrive,2025-03-11
AST-EMP067-03,EMP067,word,docx,Design specification - EMP067,OneDrive,2025-03-12
AST-EMP067-04,EMP067,text,txt,Shift handoff notes - EMP067,OneDrive,2025-03-13
AST-EMP067-05,EMP067,onenote,one,Lab observations notebook - EMP067,OneDrive,2025-03-14
AST-EMP067-06,EMP067,spreadsheet,xlsx,System resource utilization - EMP067,OneDrive,2025-03-21
AST-EMP067-07,EMP067,spreadsheet-csv,csv,Department metrics export - EMP067,OneDrive,2025-02-11
AST-EMP067-08,EMP067,knowledge-note,md,Knowledge summary notes - EMP067,OneDrive,2025-03-11
AST-EMP068-01,EMP068,presentation,pptx,Project update deck - EMP068,OneDrive,2025-03-11
AST-EMP068-02,EMP068,pdf,pdf,Process compliance document - EMP068,OneDrive,2025-03-12
AST-EMP068-03,EMP068,word,docx,Design specification - EMP068,OneDrive,2025-03-13
AST-EMP068-04,EMP068,text,txt,Shift handoff notes - EMP068,OneDrive,2025-03-14
AST-EMP068-05,EMP068,onenote,one,Lab observations notebook - EMP068,OneDrive,2025-03-15
AST-EMP068-06,EMP068,spreadsheet,xlsx,Budget tracker - EMP068,OneDrive,2025-03-22
AST-EMP068-07,EMP068,spreadsheet-csv,csv,Department metrics export - EMP068,OneDrive,2025-02-12
AST-EMP068-08,EMP068,knowledge-note,md,Knowledge summary notes - EMP068,OneDrive,2025-03-12
AST-EMP069-01,EMP069,presentation,pptx,Project update deck - EMP069,OneDrive,2025-03-12
AST-EMP069-02,EMP069,pdf,pdf,Process compliance document - EMP069,OneDrive,2025-03-13
AST-EMP069-03,EMP069,word,docx,Design specification - EMP069,OneDrive,2025-03-14
AST-EMP069-04,EMP069,text,txt,Shift handoff notes - EMP069,OneDrive,2025-03-15
AST-EMP069-05,EMP069,onenote,one,Lab observations notebook - EMP069,OneDrive,2025-03-16
AST-EMP069-06,EMP069,spreadsheet,xlsx,Vendor comparison - EMP069,OneDrive,2025-03-23
AST-EMP069-07,EMP069,spreadsheet-csv,csv,Department metrics export - EMP069,OneDrive,2025-02-13
AST-EMP069-08,EMP069,knowledge-note,md,Knowledge summary notes - EMP069,OneDrive,2025-03-13
AST-EMP070-01,EMP070,presentation,pptx,Project update deck - EMP070,OneDrive,2025-03-13
AST-EMP070-02,EMP070,pdf,pdf,Process compliance document - EMP070,OneDrive,2025-03-14
AST-EMP070-03,EMP070,word,docx,Design specification - EMP070,OneDrive,2025-03-15
AST-EMP070-04,EMP070,text,txt,Shift handoff notes - EMP070,OneDrive,2025-03-16
AST-EMP070-05,EMP070,onenote,one,Lab observations notebook - EMP070,OneDrive,2025-03-17
AST-EMP070-06,EMP070,spreadsheet,xlsx,Shift productivity report - EMP070,OneDrive,2025-03-24
AST-EMP070-07,EMP070,spreadsheet-csv,csv,Department metrics export - EMP070,OneDrive,2025-02-14
AST-EMP070-08,EMP070,knowledge-note,md,Knowledge summary notes - EMP070,OneDrive,2025-03-14
AST-EMP071-01,EMP071,presentation,pptx,Project update deck - EMP071,OneDrive,2025-03-14
AST-EMP071-02,EMP071,pdf,pdf,Process compliance document - EMP071,OneDrive,2025-03-15
AST-EMP071-03,EMP071,word,docx,Design specification - EMP071,OneDrive,2025-03-16
AST-EMP071-04,EMP071,text,txt,Shift handoff notes - EMP071,OneDrive,2025-03-17
AST-EMP071-05,EMP071,onenote,one,Lab observations notebook - EMP071,OneDrive,2025-03-18
AST-EMP071-06,EMP071,spreadsheet,xlsx,Experiment data log - EMP071,OneDrive,2025-03-25
AST-EMP071-07,EMP071,spreadsheet-csv,csv,Department metrics export - EMP071,OneDrive,2025-02-15
AST-EMP071-08,EMP071,knowledge-note,md,Knowledge summary notes - EMP071,OneDrive,2025-03-15
AST-EMP072-01,EMP072,presentation,pptx,Project update deck - EMP072,OneDrive,2025-03-15
AST-EMP072-02,EMP072,pdf,pdf,Process compliance document - EMP072,OneDrive,2025-03-16
AST-EMP072-03,EMP072,word,docx,Design specification - EMP072,OneDrive,2025-03-17
AST-EMP072-04,EMP072,text,txt,Shift handoff notes - EMP072,OneDrive,2025-03-18
AST-EMP072-05,EMP072,onenote,one,Lab observations notebook - EMP072,OneDrive,2025-03-19
AST-EMP072-06,EMP072,spreadsheet,xlsx,Project resource tracker - EMP072,OneDrive,2025-03-26
AST-EMP072-07,EMP072,spreadsheet-csv,csv,Department metrics export - EMP072,OneDrive,2025-02-16
AST-EMP072-08,EMP072,knowledge-note,md,Knowledge summary notes - EMP072,OneDrive,2025-03-16
AST-EMP073-01,EMP073,presentation,pptx,Project update deck - EMP073,OneDrive,2025-03-16
AST-EMP073-02,EMP073,pdf,pdf,Process compliance document - EMP073,OneDrive,2025-03-17
AST-EMP073-03,EMP073,word,docx,Design specification - EMP073,OneDrive,2025-03-18
AST-EMP073-04,EMP073,text,txt,Shift handoff notes - EMP073,OneDrive,2025-03-19
AST-EMP073-05,EMP073,onenote,one,Lab observations notebook - EMP073,OneDrive,2025-03-20
AST-EMP073-06,EMP073,spreadsheet,xlsx,Equipment inventory tracker - EMP073,OneDrive,2025-03-27
AST-EMP073-07,EMP073,spreadsheet-csv,csv,Department metrics export - EMP073,OneDrive,2025-02-17
AST-EMP073-08,EMP073,knowledge-note,md,Knowledge summary notes - EMP073,OneDrive,2025-03-17
AST-EMP074-01,EMP074,presentation,pptx,Project update deck - EMP074,OneDrive,2025-03-17
AST-EMP074-02,EMP074,pdf,pdf,Process compliance document - EMP074,OneDrive,2025-03-18
AST-EMP074-03,EMP074,word,docx,Design specification - EMP074,OneDrive,2025-03-19
AST-EMP074-04,EMP074,text,txt,Shift handoff notes - EMP074,OneDrive,2025-03-20
AST-EMP074-05,EMP074,onenote,one,Lab observations notebook - EMP074,OneDrive,2025-03-21
AST-EMP074-06,EMP074,spreadsheet,xlsx,Skills matrix - EMP074,OneDrive,2025-03-28
AST-EMP074-07,EMP074,spreadsheet-csv,csv,Department metrics export - EMP074,OneDrive,2025-02-18
AST-EMP074-08,EMP074,knowledge-note,md,Knowledge summary notes - EMP074,OneDrive,2025-03-18
AST-EMP075-01,EMP075,presentation,pptx,Project update deck - EMP075,OneDrive,2025-03-18
AST-EMP075-02,EMP075,pdf,pdf,Process compliance document - EMP075,OneDrive,2025-03-19
AST-EMP075-03,EMP075,word,docx,Design specification - EMP075,OneDrive,2025-03-20
AST-EMP075-04,EMP075,text,txt,Shift handoff notes - EMP075,OneDrive,2025-03-21
AST-EMP075-05,EMP075,onenote,one,Lab observations notebook - EMP075,OneDrive,2025-03-22
AST-EMP075-06,EMP075,spreadsheet,xlsx,System resource utilization - EMP075,OneDrive,2025-03-29
AST-EMP075-07,EMP075,spreadsheet-csv,csv,Department metrics export - EMP075,OneDrive,2025-02-19
AST-EMP075-08,EMP075,knowledge-note,md,Knowledge summary notes - EMP075,OneDrive,2025-03-19
AST-EMP076-01,EMP076,presentation,pptx,Project update deck - EMP076,OneDrive,2025-03-19
AST-EMP076-02,EMP076,pdf,pdf,Process compliance document - EMP076,OneDrive,2025-03-20
AST-EMP076-03,EMP076,word,docx,Design specification - EMP076,OneDrive,2025-03-21
AST-EMP076-04,EMP076,text,txt,Shift handoff notes - EMP076,OneDrive,2025-03-22
AST-EMP076-05,EMP076,onenote,one,Lab observations notebook - EMP076,OneDrive,2025-03-23
AST-EMP076-06,EMP076,spreadsheet,xlsx,Budget tracker - EMP076,OneDrive,2025-03-30
AST-EMP076-07,EMP076,spreadsheet-csv,csv,Department metrics export - EMP076,OneDrive,2025-02-20
AST-EMP076-08,EMP076,knowledge-note,md,Knowledge summary notes - EMP076,OneDrive,2025-03-20
AST-EMP077-01,EMP077,presentation,pptx,Project update deck - EMP077,OneDrive,2025-03-20
AST-EMP077-02,EMP077,pdf,pdf,Process compliance document - EMP077,OneDrive,2025-03-21
AST-EMP077-03,EMP077,word,docx,Design specification - EMP077,OneDrive,2025-03-22
AST-EMP077-04,EMP077,text,txt,Shift handoff notes - EMP077,OneDrive,2025-03-23
AST-EMP077-05,EMP077,onenote,one,Lab observations notebook - EMP077,OneDrive,2025-03-24
AST-EMP077-06,EMP077,spreadsheet,xlsx,Vendor comparison - EMP077,OneDrive,2025-03-31
AST-EMP077-07,EMP077,spreadsheet-csv,csv,Department metrics export - EMP077,OneDrive,2025-02-21
AST-EMP077-08,EMP077,knowledge-note,md,Knowledge summary notes - EMP077,OneDrive,2025-03-21
AST-EMP078-01,EMP078,presentation,pptx,Project update deck - EMP078,OneDrive,2025-03-21
AST-EMP078-02,EMP078,pdf,pdf,Process compliance document - EMP078,OneDrive,2025-03-22
AST-EMP078-03,EMP078,word,docx,Design specification - EMP078,OneDrive,2025-03-23
AST-EMP078-04,EMP078,text,txt,Shift handoff notes - EMP078,OneDrive,2025-03-24
AST-EMP078-05,EMP078,onenote,one,Lab observations notebook - EMP078,OneDrive,2025-03-25
AST-EMP078-06,EMP078,spreadsheet,xlsx,Shift productivity report - EMP078,OneDrive,2025-04-01
AST-EMP078-07,EMP078,spreadsheet-csv,csv,Department metrics export - EMP078,OneDrive,2025-02-22
AST-EMP078-08,EMP078,knowledge-note,md,Knowledge summary notes - EMP078,OneDrive,2025-03-22
AST-EMP079-01,EMP079,presentation,pptx,Project update deck - EMP079,OneDrive,2025-03-22
AST-EMP079-02,EMP079,pdf,pdf,Process compliance document - EMP079,OneDrive,2025-03-23
AST-EMP079-03,EMP079,word,docx,Design specification - EMP079,OneDrive,2025-03-24
AST-EMP079-04,EMP079,text,txt,Shift handoff notes - EMP079,OneDrive,2025-03-25
AST-EMP079-05,EMP079,onenote,one,Lab observations notebook - EMP079,OneDrive,2025-03-26
AST-EMP079-06,EMP079,spreadsheet,xlsx,Experiment data log - EMP079,OneDrive,2025-04-02
AST-EMP079-07,EMP079,spreadsheet-csv,csv,Department metrics export - EMP079,OneDrive,2025-02-23
AST-EMP079-08,EMP079,knowledge-note,md,Knowledge summary notes - EMP079,OneDrive,2025-03-23
AST-EMP080-01,EMP080,presentation,pptx,Project update deck - EMP080,OneDrive,2025-03-23
AST-EMP080-02,EMP080,pdf,pdf,Process compliance document - EMP080,OneDrive,2025-03-24
AST-EMP080-03,EMP080,word,docx,Design specification - EMP080,OneDrive,2025-03-25
AST-EMP080-04,EMP080,text,txt,Shift handoff notes - EMP080,OneDrive,2025-03-26
AST-EMP080-05,EMP080,onenote,one,Lab observations notebook - EMP080,OneDrive,2025-03-27
AST-EMP080-06,EMP080,spreadsheet,xlsx,Project resource tracker - EMP080,OneDrive,2025-04-03
AST-EMP080-07,EMP080,spreadsheet-csv,csv,Department metrics export - EMP080,OneDrive,2025-02-24
AST-EMP080-08,EMP080,knowledge-note,md,Knowledge summary notes - EMP080,OneDrive,2025-03-24
AST-EMP081-01,EMP081,presentation,pptx,Project update deck - EMP081,OneDrive,2025-03-24
AST-EMP081-02,EMP081,pdf,pdf,Process compliance document - EMP081,OneDrive,2025-03-25
AST-EMP081-03,EMP081,word,docx,Design specification - EMP081,OneDrive,2025-03-26
AST-EMP081-04,EMP081,text,txt,Shift handoff notes - EMP081,OneDrive,2025-03-27
AST-EMP081-05,EMP081,onenote,one,Lab observations notebook - EMP081,OneDrive,2025-03-28
AST-EMP081-06,EMP081,spreadsheet,xlsx,Equipment inventory tracker - EMP081,OneDrive,2025-04-04
AST-EMP081-07,EMP081,spreadsheet-csv,csv,Department metrics export - EMP081,OneDrive,2025-02-25
AST-EMP081-08,EMP081,knowledge-note,md,Knowledge summary notes - EMP081,OneDrive,2025-03-25
AST-EMP082-01,EMP082,presentation,pptx,Project update deck - EMP082,OneDrive,2025-03-25
AST-EMP082-02,EMP082,pdf,pdf,Process compliance document - EMP082,OneDrive,2025-03-26
AST-EMP082-03,EMP082,word,docx,Design specification - EMP082,OneDrive,2025-03-27
AST-EMP082-04,EMP082,text,txt,Shift handoff notes - EMP082,OneDrive,2025-03-28
AST-EMP082-05,EMP082,onenote,one,Lab observations notebook - EMP082,OneDrive,2025-03-29
AST-EMP082-06,EMP082,spreadsheet,xlsx,Skills matrix - EMP082,OneDrive,2025-04-05
AST-EMP082-07,EMP082,spreadsheet-csv,csv,Department metrics export - EMP082,OneDrive,2025-02-26
AST-EMP082-08,EMP082,knowledge-note,md,Knowledge summary notes - EMP082,OneDrive,2025-03-26
AST-EMP083-01,EMP083,presentation,pptx,Project update deck - EMP083,OneDrive,2025-03-26
AST-EMP083-02,EMP083,pdf,pdf,Process compliance document - EMP083,OneDrive,2025-03-27
AST-EMP083-03,EMP083,word,docx,Design specification - EMP083,OneDrive,2025-03-28
AST-EMP083-04,EMP083,text,txt,Shift handoff notes - EMP083,OneDrive,2025-03-29
AST-EMP083-05,EMP083,onenote,one,Lab observations notebook - EMP083,OneDrive,2025-03-30
AST-EMP083-06,EMP083,spreadsheet,xlsx,System resource utilization - EMP083,OneDrive,2025-04-06
AST-EMP083-07,EMP083,spreadsheet-csv,csv,Department metrics export - EMP083,OneDrive,2025-02-27
AST-EMP083-08,EMP083,knowledge-note,md,Knowledge summary notes - EMP083,OneDrive,2025-03-27
AST-EMP084-01,EMP084,presentation,pptx,Project update deck - EMP084,OneDrive,2025-03-27
AST-EMP084-02,EMP084,pdf,pdf,Process compliance document - EMP084,OneDrive,2025-03-28
AST-EMP084-03,EMP084,word,docx,Design specification - EMP084,OneDrive,2025-03-29
AST-EMP084-04,EMP084,text,txt,Shift handoff notes - EMP084,OneDrive,2025-03-30
AST-EMP084-05,EMP084,onenote,one,Lab observations notebook - EMP084,OneDrive,2025-03-31
AST-EMP084-06,EMP084,spreadsheet,xlsx,Budget tracker - EMP084,OneDrive,2025-04-07
AST-EMP084-07,EMP084,spreadsheet-csv,csv,Department metrics export - EMP084,OneDrive,2025-02-28
AST-EMP084-08,EMP084,knowledge-note,md,Knowledge summary notes - EMP084,OneDrive,2025-03-28
AST-EMP085-01,EMP085,presentation,pptx,Project update deck - EMP085,OneDrive,2025-03-28
AST-EMP085-02,EMP085,pdf,pdf,Process compliance document - EMP085,OneDrive,2025-03-29
AST-EMP085-03,EMP085,word,docx,Design specification - EMP085,OneDrive,2025-03-30
AST-EMP085-04,EMP085,text,txt,Shift handoff notes - EMP085,OneDrive,2025-03-31
AST-EMP085-05,EMP085,onenote,one,Lab observations notebook - EMP085,OneDrive,2025-04-01
AST-EMP085-06,EMP085,spreadsheet,xlsx,Vendor comparison - EMP085,OneDrive,2025-04-08
AST-EMP085-07,EMP085,spreadsheet-csv,csv,Department metrics export - EMP085,OneDrive,2025-02-01
AST-EMP085-08,EMP085,knowledge-note,md,Knowledge summary notes - EMP085,OneDrive,2025-03-01
AST-EMP086-01,EMP086,presentation,pptx,Project update deck - EMP086,OneDrive,2025-03-29
AST-EMP086-02,EMP086,pdf,pdf,Process compliance document - EMP086,OneDrive,2025-03-30
AST-EMP086-03,EMP086,word,docx,Design specification - EMP086,OneDrive,2025-03-31
AST-EMP086-04,EMP086,text,txt,Shift handoff notes - EMP086,OneDrive,2025-04-01
AST-EMP086-05,EMP086,onenote,one,Lab observations notebook - EMP086,OneDrive,2025-04-02
AST-EMP086-06,EMP086,spreadsheet,xlsx,Shift productivity report - EMP086,OneDrive,2025-04-09
AST-EMP086-07,EMP086,spreadsheet-csv,csv,Department metrics export - EMP086,OneDrive,2025-02-02
AST-EMP086-08,EMP086,knowledge-note,md,Knowledge summary notes - EMP086,OneDrive,2025-03-02
AST-EMP087-01,EMP087,presentation,pptx,Project update deck - EMP087,OneDrive,2025-03-30
AST-EMP087-02,EMP087,pdf,pdf,Process compliance document - EMP087,OneDrive,2025-03-31
AST-EMP087-03,EMP087,word,docx,Design specification - EMP087,OneDrive,2025-04-01
AST-EMP087-04,EMP087,text,txt,Shift handoff notes - EMP087,OneDrive,2025-04-02
AST-EMP087-05,EMP087,onenote,one,Lab observations notebook - EMP087,OneDrive,2025-04-03
AST-EMP087-06,EMP087,spreadsheet,xlsx,Experiment data log - EMP087,OneDrive,2025-04-10
AST-EMP087-07,EMP087,spreadsheet-csv,csv,Department metrics export - EMP087,OneDrive,2025-02-03
AST-EMP087-08,EMP087,knowledge-note,md,Knowledge summary notes - EMP087,OneDrive,2025-03-03
AST-EMP088-01,EMP088,presentation,pptx,Project update deck - EMP088,OneDrive,2025-03-31
AST-EMP088-02,EMP088,pdf,pdf,Process compliance document - EMP088,OneDrive,2025-04-01
AST-EMP088-03,EMP088,word,docx,Design specification - EMP088,OneDrive,2025-04-02
AST-EMP088-04,EMP088,text,txt,Shift handoff notes - EMP088,OneDrive,2025-04-03
AST-EMP088-05,EMP088,onenote,one,Lab observations notebook - EMP088,OneDrive,2025-04-04
AST-EMP088-06,EMP088,spreadsheet,xlsx,Project resource tracker - EMP088,OneDrive,2025-04-11
AST-EMP088-07,EMP088,spreadsheet-csv,csv,Department metrics export - EMP088,OneDrive,2025-02-04
AST-EMP088-08,EMP088,knowledge-note,md,Knowledge summary notes - EMP088,OneDrive,2025-03-04
AST-EMP089-01,EMP089,presentation,pptx,Project update deck - EMP089,OneDrive,2025-04-01
AST-EMP089-02,EMP089,pdf,pdf,Process compliance document - EMP089,OneDrive,2025-04-02
AST-EMP089-03,EMP089,word,docx,Design specification - EMP089,OneDrive,2025-04-03
AST-EMP089-04,EMP089,text,txt,Shift handoff notes - EMP089,OneDrive,2025-04-04
AST-EMP089-05,EMP089,onenote,one,Lab observations notebook - EMP089,OneDrive,2025-04-05
AST-EMP089-06,EMP089,spreadsheet,xlsx,Equipment inventory tracker - EMP089,OneDrive,2025-04-12
AST-EMP089-07,EMP089,spreadsheet-csv,csv,Department metrics export - EMP089,OneDrive,2025-02-05
AST-EMP089-08,EMP089,knowledge-note,md,Knowledge summary notes - EMP089,OneDrive,2025-03-05
AST-EMP090-01,EMP090,presentation,pptx,Project update deck - EMP090,OneDrive,2025-04-02
AST-EMP090-02,EMP090,pdf,pdf,Process compliance document - EMP090,OneDrive,2025-04-03
AST-EMP090-03,EMP090,word,docx,Design specification - EMP090,OneDrive,2025-04-04
AST-EMP090-04,EMP090,text,txt,Shift handoff notes - EMP090,OneDrive,2025-04-05
AST-EMP090-05,EMP090,onenote,one,Lab observations notebook - EMP090,OneDrive,2025-04-06
AST-EMP090-06,EMP090,spreadsheet,xlsx,Skills matrix - EMP090,OneDrive,2025-04-13
AST-EMP090-07,EMP090,spreadsheet-csv,csv,Department metrics export - EMP090,OneDrive,2025-02-06
AST-EMP090-08,EMP090,knowledge-note,md,Knowledge summary notes - EMP090,OneDrive,2025-03-06
AST-EMP091-01,EMP091,presentation,pptx,Project update deck - EMP091,OneDrive,2025-04-03
AST-EMP091-02,EMP091,pdf,pdf,Process compliance document - EMP091,OneDrive,2025-04-04
AST-EMP091-03,EMP091,word,docx,Design specification - EMP091,OneDrive,2025-04-05
AST-EMP091-04,EMP091,text,txt,Shift handoff notes - EMP091,OneDrive,2025-04-06
AST-EMP091-05,EMP091,onenote,one,Lab observations notebook - EMP091,OneDrive,2025-04-07
AST-EMP091-06,EMP091,spreadsheet,xlsx,System resource utilization - EMP091,OneDrive,2025-04-14
AST-EMP091-07,EMP091,spreadsheet-csv,csv,Department metrics export - EMP091,OneDrive,2025-02-07
AST-EMP091-08,EMP091,knowledge-note,md,Knowledge summary notes - EMP091,OneDrive,2025-03-07
AST-EMP092-01,EMP092,presentation,pptx,Project update deck - EMP092,OneDrive,2025-04-04
AST-EMP092-02,EMP092,pdf,pdf,Process compliance document - EMP092,OneDrive,2025-04-05
AST-EMP092-03,EMP092,word,docx,Design specification - EMP092,OneDrive,2025-04-06
AST-EMP092-04,EMP092,text,txt,Shift handoff notes - EMP092,OneDrive,2025-04-07
AST-EMP092-05,EMP092,onenote,one,Lab observations notebook - EMP092,OneDrive,2025-04-08
AST-EMP092-06,EMP092,spreadsheet,xlsx,Budget tracker - EMP092,OneDrive,2025-04-15
AST-EMP092-07,EMP092,spreadsheet-csv,csv,Department metrics export - EMP092,OneDrive,2025-02-08
AST-EMP092-08,EMP092,knowledge-note,md,Knowledge summary notes - EMP092,OneDrive,2025-03-08
AST-EMP093-01,EMP093,presentation,pptx,Project update deck - EMP093,OneDrive,2025-04-05
AST-EMP093-02,EMP093,pdf,pdf,Process compliance document - EMP093,OneDrive,2025-04-06
AST-EMP093-03,EMP093,word,docx,Design specification - EMP093,OneDrive,2025-04-07
AST-EMP093-04,EMP093,text,txt,Shift handoff notes - EMP093,OneDrive,2025-04-08
AST-EMP093-05,EMP093,onenote,one,Lab observations notebook - EMP093,OneDrive,2025-04-09
AST-EMP093-06,EMP093,spreadsheet,xlsx,Vendor comparison - EMP093,OneDrive,2025-04-16
AST-EMP093-07,EMP093,spreadsheet-csv,csv,Department metrics export - EMP093,OneDrive,2025-02-09
AST-EMP093-08,EMP093,knowledge-note,md,Knowledge summary notes - EMP093,OneDrive,2025-03-09
AST-EMP094-01,EMP094,presentation,pptx,Project update deck - EMP094,OneDrive,2025-04-06
AST-EMP094-02,EMP094,pdf,pdf,Process compliance document - EMP094,OneDrive,2025-04-07
AST-EMP094-03,EMP094,word,docx,Design specification - EMP094,OneDrive,2025-04-08
AST-EMP094-04,EMP094,text,txt,Shift handoff notes - EMP094,OneDrive,2025-04-09
AST-EMP094-05,EMP094,onenote,one,Lab observations notebook - EMP094,OneDrive,2025-04-10
AST-EMP094-06,EMP094,spreadsheet,xlsx,Shift productivity report - EMP094,OneDrive,2025-04-17
AST-EMP094-07,EMP094,spreadsheet-csv,csv,Department metrics export - EMP094,OneDrive,2025-02-10
AST-EMP094-08,EMP094,knowledge-note,md,Knowledge summary notes - EMP094,OneDrive,2025-03-10
AST-EMP095-01,EMP095,presentation,pptx,Project update deck - EMP095,OneDrive,2025-04-07
AST-EMP095-02,EMP095,pdf,pdf,Process compliance document - EMP095,OneDrive,2025-04-08
AST-EMP095-03,EMP095,word,docx,Design specification - EMP095,OneDrive,2025-04-09
AST-EMP095-04,EMP095,text,txt,Shift handoff notes - EMP095,OneDrive,2025-04-10
AST-EMP095-05,EMP095,onenote,one,Lab observations notebook - EMP095,OneDrive,2025-04-11
AST-EMP095-06,EMP095,spreadsheet,xlsx,Experiment data log - EMP095,OneDrive,2025-04-18
AST-EMP095-07,EMP095,spreadsheet-csv,csv,Department metrics export - EMP095,OneDrive,2025-02-11
AST-EMP095-08,EMP095,knowledge-note,md,Knowledge summary notes - EMP095,OneDrive,2025-03-11
AST-EMP096-01,EMP096,presentation,pptx,Project update deck - EMP096,OneDrive,2025-04-08
AST-EMP096-02,EMP096,pdf,pdf,Process compliance document - EMP096,OneDrive,2025-04-09
AST-EMP096-03,EMP096,word,docx,Design specification - EMP096,OneDrive,2025-04-10
AST-EMP096-04,EMP096,text,txt,Shift handoff notes - EMP096,OneDrive,2025-04-11
AST-EMP096-05,EMP096,onenote,one,Lab observations notebook - EMP096,OneDrive,2025-04-12
AST-EMP096-06,EMP096,spreadsheet,xlsx,Project resource tracker - EMP096,OneDrive,2025-04-19
AST-EMP096-07,EMP096,spreadsheet-csv,csv,Department metrics export - EMP096,OneDrive,2025-02-12
AST-EMP096-08,EMP096,knowledge-note,md,Knowledge summary notes - EMP096,OneDrive,2025-03-12
AST-EMP097-01,EMP097,presentation,pptx,Project update deck - EMP097,OneDrive,2025-04-09
AST-EMP097-02,EMP097,pdf,pdf,Process compliance document - EMP097,OneDrive,2025-04-10
AST-EMP097-03,EMP097,word,docx,Design specification - EMP097,OneDrive,2025-04-11
AST-EMP097-04,EMP097,text,txt,Shift handoff notes - EMP097,OneDrive,2025-04-12
AST-EMP097-05,EMP097,onenote,one,Lab observations notebook - EMP097,OneDrive,2025-04-13
AST-EMP097-06,EMP097,spreadsheet,xlsx,Equipment inventory tracker - EMP097,OneDrive,2025-04-20
AST-EMP097-07,EMP097,spreadsheet-csv,csv,Department metrics export - EMP097,OneDrive,2025-02-13
AST-EMP097-08,EMP097,knowledge-note,md,Knowledge summary notes - EMP097,OneDrive,2025-03-13
AST-EMP098-01,EMP098,presentation,pptx,Project update deck - EMP098,OneDrive,2025-04-10
AST-EMP098-02,EMP098,pdf,pdf,Process compliance document - EMP098,OneDrive,2025-04-11
AST-EMP098-03,EMP098,word,docx,Design specification - EMP098,OneDrive,2025-04-12
AST-EMP098-04,EMP098,text,txt,Shift handoff notes - EMP098,OneDrive,2025-04-13
AST-EMP098-05,EMP098,onenote,one,Lab observations notebook - EMP098,OneDrive,2025-04-14
AST-EMP098-06,EMP098,spreadsheet,xlsx,Skills matrix - EMP098,OneDrive,2025-04-21
AST-EMP098-07,EMP098,spreadsheet-csv,csv,Department metrics export - EMP098,OneDrive,2025-02-14
AST-EMP098-08,EMP098,knowledge-note,md,Knowledge summary notes - EMP098,OneDrive,2025-03-14
AST-EMP099-01,EMP099,presentation,pptx,Project update deck - EMP099,OneDrive,2025-04-11
AST-EMP099-02,EMP099,pdf,pdf,Process compliance document - EMP099,OneDrive,2025-04-12
AST-EMP099-03,EMP099,word,docx,Design specification - EMP099,OneDrive,2025-04-13
AST-EMP099-04,EMP099,text,txt,Shift handoff notes - EMP099,OneDrive,2025-04-14
AST-EMP099-05,EMP099,onenote,one,Lab observations notebook - EMP099,OneDrive,2025-04-15
AST-EMP099-06,EMP099,spreadsheet,xlsx,System resource utilization - EMP099,OneDrive,2025-04-22
AST-EMP099-07,EMP099,spreadsheet-csv,csv,Department metrics export - EMP099,OneDrive,2025-02-15
AST-EMP099-08,EMP099,knowledge-note,md,Knowledge summary notes - EMP099,OneDrive,2025-03-15
AST-EMP100-01,EMP100,presentation,pptx,Project update deck - EMP100,OneDrive,2025-04-12
AST-EMP100-02,EMP100,pdf,pdf,Process compliance document - EMP100,OneDrive,2025-04-13
AST-EMP100-03,EMP100,word,docx,Design specification - EMP100,OneDrive,2025-04-14
AST-EMP100-04,EMP100,text,txt,Shift handoff notes - EMP100,OneDrive,2025-04-15
AST-EMP100-05,EMP100,onenote,one,Lab observations notebook - EMP100,OneDrive,2025-04-16
AST-EMP100-06,EMP100,spreadsheet,xlsx,Budget tracker - EMP100,OneDrive,2025-04-23
AST-EMP100-07,EMP100,spreadsheet-csv,csv,Department metrics export - EMP100,OneDrive,2025-02-16
AST-EMP100-08,EMP100,knowledge-note,md,Knowledge summary notes - EMP100,OneDrive,2025-03-16
